,Activation Energy(slope),Intercept,frequency factor
0,0.3496919310710152,3.783455405997975,92.29518960582861
